{
  "Aceh": {
    "x": 0,
    "y": 0
  },
  "Bali": {
    "x": 4673.9404,
    "y": 2869.876871186484
  },
  "Bangka Belitung": {
    "x": 2399.39,
    "y": 1519.2904738186176
  },
  "Banten": {
    "x": 2402.4127573642413,
    "y": 2456.7610499999996
  },
  "Bengkulu": {
    "x": 1375.705,
    "y": 1654.0009999999997
  },
  "DKI Jakarta": {
    "x": 2763,
    "y": 2488.0031999999997
  },
  "Gorontalo": {
    "x": 6051.27,
    "y": 902.372
  },
  "JaBar": {
    "x": 2630.47,
    "y": 2455.47
  },
  "JaTim": {
    "x": 3802.4054,
    "y": 2417.7149999999997
  },
  "Jambi": {
    "x": 1458.5204048533742,
    "y": 1228.44
  },
  "Jateng": {
    "x": 3162.587,
    "y": 2535.5106
  },
  "KalSel": {
    "x": 4480.2390000000005,
    "y": 1510.31
  },
  "KalTeng": {
    "x": 3751.7369,
    "y": 1051.589
  },
  "KalTim": {
    "x": 4410.557,
    "y": 642.204
  },
  "KalUt": {
    "x": 4568.921,
    "y": 245.44979999999998
  },
  "Kalimantan Barat": {
    "x": 3295.629,
    "y": 747.6220000000001
  },
  "Kepulauan Riau": {
    "x": 2171.982,
    "y": 284.7837
  },
  "Lampung": {
    "x": 2060.3269999999998,
    "y": 1952.44
  },
  "Maluku Utara": {
    "x": 7078.209900000001,
    "y": 631.9078960357815
  },
  "Maluku": {
    "x": 7432.267,
    "y": 1796.9734
  },
  "NTB": {
    "x": 4942.675,
    "y": 2919.393
  },
  "NTT": {
    "x": 5759.082,
    "y": 2693.018
  },
  "Papua Barat Daya": {
    "x": 8382.487,
    "y": 1173.1786000000002
  },
  "Papua Barat": {
    "x": 8931.4913,
    "y": 1341.8478507110815
  },
  "Papua Pegunungan": {
    "x": 10352.6523,
    "y": 1836.818911386639
  },
  "Papua Selatan": {
    "x": 10320.54,
    "y": 2079.56
  },
  "Papua Tengah": {
    "x": 9585.375,
    "y": 1687.1599999999999
  },
  "Papua": {
    "x": 9608.73,
    "y": 1333.4509653419307
  },
  "Riau": {
    "x": 1135.4479999999999,
    "y": 560.903
  },
  "SulBar": {
    "x": 5715.5265,
    "y": 1316.8677
  },
  "SulSel": {
    "x": 5860.528899999999,
    "y": 1604.265
  },
  "SulTengah": {
    "x": 5918.2390000000005,
    "y": 896.7855061820591
  },
  "SulTenggara": {
    "x": 6231.816999999999,
    "y": 1781.112
  },
  "SulUt": {
    "x": 6627.742,
    "y": 233.63799999999992
  },
  "SumBar": {
    "x": 753.498,
    "y": 918.9489999999996
  },
  "SumSel": {
    "x": 1648.5649999999998,
    "y": 1515.834826157562
  },
  "SumUt": {
    "x": 457.619,
    "y": 172.845
  },
  "Yogya": {
    "x": 3599.7,
    "y": 2836.7082
  }
}